569163,Guruj  Telangana  India,19.4812,78.515,19.4968,78.5362,19.4645,78.4911
570078,Adelli  Telangana 504110  India,19.2207,78.2554,19.2229,78.2578,19.2194,78.2541
570846,Jagriyal  Telangana 503307  India,18.7281,78.4581,18.7456,78.4709,18.7173,78.4394
574881,Mondi Gowrelly  Telangana 501509  India,17.0365,78.703,17.04,78.7065,17.0338,78.7015
576922,Telangana 508211  India,17.1782,79.4479,17.2268,79.5408,17.0826,79.3507
577741,Arvapalli  Telangana 506006  India,18.1029,79.5962,18.1057,79.5978,18.0985,79.5949
573848,Thogarpally  Telangana 502306  India,17.586,78.0231,17.5923,78.0277,17.5823,78.0176
579894,Kesireddipalle  Telangana 507201  India,16.8034,80.4827,16.8167,80.5169,16.7739,80.4658
576050,Kadukuntla  Telangana 509381  India,16.3113,77.9753,16.3149,77.9776,16.3072,77.9712
574710,Polaram  Telangana 509217  India,17.2128,78.1422,17.2195,78.1625,17.1923,78.1142
576636,Naseempet  Telangana  India,17.2527,79.7035,17.2669,79.714,17.2396,79.6911
579435,Uppalapadu  Telangana  India,17.6017,80.0703,17.6168,80.0837,17.5848,80.0551
577236,Mudigonda Bus Stop  Mudigonda  Telangana 508248  India,16.7389,78.8615,,,,
579543,Peddagollagudem  Telangana 507306  India,17.3189,81.0147,17.3711,81.0445,17.282,80.9739
571878,Medigadda  Telangana 505504  India,18.6928,80.2516,18.7052,80.2608,18.6722,80.2422
576233,Telangana 509125  India,16.246,77.7223,16.3576,77.9396,16.1299,77.5283
570638,Gangipally  Telangana 504216  India,18.8255,79.5842,18.8302,79.5871,18.8188,79.5806
575526,Baswaipalle  Telangana  India,16.6087,77.8882,16.6487,77.9171,16.5925,77.8623
577851,Peddapur  Telangana 506168  India,18.381,79.9053,18.387,79.91,18.3691,79.9001
574738,Ootpally  Hyderabad  Telangana 501218  India,17.2591,78.36,17.2634,78.3683,17.2527,78.3511
576376,Telangana 509135  India,15.9226,77.7223,16.0385,77.8322,15.8741,77.569
577065,Thanderpalle  Telangana 508004  India,17.0599,79.3339,17.0672,79.3397,17.0505,79.3287
577339,Bollaram Koppole  Telangana 508256  India,16.8658,79.1887,16.877,79.191,16.8543,79.167
577766,Vellampally  Telangana 506164  India,18.164,79.6692,18.1683,79.6731,18.1605,79.6655
569736,Buggaram  Telangana  India,19.2863,78.4439,19.2964,78.4628,19.2761,78.4367
569126,504312  India,19.7381,78.407,19.9168,78.5631,19.5969,78.2706
575479,Utkoor  Telangana  India,16.6427,77.4874,16.6617,77.5222,16.6212,77.4658
573417,Telangana 502246  India,17.7637,77.688,17.8148,77.7921,17.6906,77.6275
570590,Adilabad-Asifabad Rd  Telangana  India,19.4036,78.7609,19.406,78.7679,19.4016,78.7552
572903,Shalipet  Telangana 502113  India,18.0986,78.2327,18.0994,78.2356,18.0963,78.2314
571961,Mangapet  Telangana 505174  India,18.5295,79.483,18.5352,79.4891,18.5247,79.479
578239,Cheetakodur  Telangana 506167  India,17.7779,79.176,17.7828,79.1792,17.7734,79.1724
574563,Ainapur  Telangana 501502  India,17.0584,77.8181,17.0638,77.823,17.0553,77.8123
578096,Ramteertham  Telangana 506349  India,18.0513,79.8773,18.0591,79.8886,18.0424,79.8593
573687,Tunki Khalsa  Telangana  India,17.7574,78.5739,17.7597,78.5768,17.7509,78.5702
572559,Patharlapalle  Telangana 505122  India,18.2743,79.5575,18.288,79.5682,18.2652,79.5458
573040,Akkanepalle  Telangana  India,18.0627,79.0702,18.0861,79.0801,18.0488,79.0487
576355,Telangana 509102  India,16.1653,78.3387,16.3166,78.4545,16.0531,78.1724
577619,Ramannapet  Warangal  Telangana  India,17.9786,79.5842,17.9881,79.5969,17.9744,79.5794
579812,Vippala Madaka  Telangana  India,17.1243,80.4132,17.1344,80.4251,17.1091,80.3963
575210,Madhurapur  Telangana  India,16.981,78.2572,16.9842,78.2593,16.9787,78.2563
574038,Telangana 501111  India,17.4331,77.9853,17.5065,78.0924,17.3551,77.9183
579595,Raimadaram  Telangana  India,17.3834,80.3297,17.3999,80.3477,17.3728,80.3083
573777,Madapur  Telangana 502313  India,17.7099,78.2789,17.7204,78.2894,17.6993,78.2611
576028,Telangana 509381  India,16.3518,77.951,16.4151,78.0212,16.2663,77.868
569210,Kothapalle G  Telangana 504346  India,19.6127,78.95,19.6241,78.9582,19.5999,78.9452
573393,Siddapur Pattikohir  Andhra Pradesh  India,17.5445,77.625,17.5628,77.6409,17.5238,77.5964
572294,Munjampalli  Telangana  India,18.3834,79.1908,18.3879,79.1928,18.3803,79.1883
578425,Narsugudem  Telangana 506135  India,17.8914,80.2272,17.8944,80.2318,17.8889,80.2236
579574,Thallapenta  Telangana 507209  India,17.2471,80.5994,17.2769,80.6405,17.2033,80.5825
569955,Telangana 504273  India,19.2244,79.6053,19.3851,79.8269,19.1094,79.4282
569899,Vemanpally  Telangana 504214  India,19.1013,79.8451,19.1067,79.8493,19.0954,79.8402
572076,Telangana 505454  India,18.9307,78.9967,19.0802,79.0826,18.8261,78.9041
574198,Batasingaram  Mazidpur  Telangana 501512  India,17.3036,78.7292,17.307,78.7323,17.2996,78.7238
577168,Telangana 508250  India,16.8524,78.8043,16.9497,78.8914,16.7758,78.7205
572075,Habsipur  Telangana 505454  India,18.8789,78.9868,18.8846,78.9887,18.8743,78.9812
570858,Pipri  Telangana 503307  India,18.6374,78.5036,18.6541,78.5325,18.6172,78.4806
572919,Chityal  Telangana 502109  India,18.0112,78.2597,18.0127,78.2624,18.0086,78.258
571840,Kataram  Telangana 505503  India,18.6277,79.9375,18.6309,79.9416,18.625,79.9313
573331,Mamidgi  Telangana 502249  India,17.8098,77.5555,17.8124,77.5593,17.8067,77.553
293,KPHB 5th Phase  Kukatpally  Hyderabad  Telangana  India,17.4785,78.392,17.4846,78.395,17.4731,78.3889
576082,Jinkunta  Telangana 509385  India,16.4234,78.5143,16.4285,78.5167,16.4202,78.5117
572367,Sankepalli  Telangana 505302  India,18.4544,78.9027,18.4564,78.9055,18.4512,78.8989
578205,Quileshapur  Telangana 506244  India,17.7926,79.2296,17.7985,79.2329,17.79,79.2242
578659,Madugulagudem  Telangana  India,17.4924,79.992,17.5144,80.0089,17.4715,79.9735
570832,Telangana 503307  India,18.691,78.5207,18.7735,78.675,18.5891,78.3281
579559,Akinepalle  Telangana  India,17.2139,81.0258,17.2467,81.0758,17.1897,80.9795
576582,Gottiparthy  Telangana 508280  India,17.4906,79.5898,17.495,79.5964,17.4866,79.5806
571960,Telangana 505162  India,18.5212,79.4141,18.5687,79.4946,18.462,79.3463
570859,Bachanpalle  Telangana 503307  India,18.6544,78.4819,18.6685,78.5232,18.6422,78.4763
573596,Brahmanapalle  Telangana  India,17.8294,78.4482,17.8338,78.4599,17.8212,78.4362
574829,Telangana 501510  India,17.2243,78.5888,17.3064,78.6766,17.1337,78.5017
577303,Kasthaala  Telangana 508255  India,16.9522,79.0751,16.9566,79.0792,16.9505,79.07
578070,Jamshedbaigpet  Telangana  India,18.1733,79.8017,18.1832,79.8282,18.1651,79.7821
577791,Kalikota  Telangana  India,18.4455,79.6334,18.4793,79.6481,18.4214,79.6043
575010,Yelsanpalle  Telangana 509407  India,16.8574,77.5419,16.8628,77.5533,16.8469,77.5314
574526,Chennaram  Telangana 501143  India,17.1937,77.5824,17.1954,77.5833,17.1924,77.5808
574902,Chitlapalle  Telangana  India,17.0996,77.5677,17.1341,77.5857,17.0619,77.5499
143,540  Rd Number 8  Vivekananda Nagar  Kukatpally  Hyderabad  Telangana 500072  India,17.495,78.4094,17.495,78.4094,17.495,78.4094
569080,Mangrool  Andhra Pradesh 504309  India,19.7477,78.8326,19.7619,78.8488,19.733,78.8114
571263,Pandimadugu  Telangana 503165  India,18.5397,78.532,18.5726,78.5551,18.5215,78.5174
575641,Gumpampalle  Telangana  India,16.373,78.6399,16.3854,78.6709,16.3482,78.6335
570872,Komanpalle  Telangana  India,18.7869,78.4155,18.7957,78.4356,18.7743,78.4032
575569,Telangana 509203  India,16.5503,78.1792,16.6423,78.2717,16.4085,78.1388
575597,Thimmaipalle  Telangana 509324  India,16.6735,78.6172,16.7026,78.6395,16.6536,78.5996
572189,Legalamarri  Telangana  India,18.7126,79.1238,18.732,79.1399,18.698,79.1036
578323,Telangana 506330  India,17.9059,79.7288,18.0366,79.8744,17.8237,79.6235
579498,Dameracharla  Telangana  India,17.3622,80.6826,17.3774,80.7055,17.3479,80.6677
574340,Nagasamundar  Telangana 501106  India,17.365,77.728,17.3852,77.7529,17.3476,77.7152
575214,Chegur  Telangana 509325  India,17.1758,78.2291,17.1787,78.2326,17.1731,78.227
579810,Siripuram KG  Telangana 507165  India,17.163,80.3979,17.1664,80.4047,17.1569,80.3934
571557,Raghavapur  Telangana  India,18.301,78.4041,18.3119,78.4274,18.2891,78.3791
572511,Bejjanki Dacharam  Telangana 505528  India,18.2498,79.0553,18.2523,79.058,18.2468,79.0522
572245,Katnepalle  Telangana 505531  India,18.5436,79.1139,18.5472,79.1163,18.5404,79.1104
578416,Mahbubabad - Warangal Rd  Telangana  India,17.8049,79.9776,17.9779,80.0766,17.6025,79.6087
572184,Namilikonda  Telangana  India,18.5936,78.967,18.5977,78.9738,18.5892,78.9622
577320,Hydalapur  Telangana 508256  India,16.8801,79.2064,16.885,79.2275,16.8669,79.2002
573930,Sultanpur  Hyderabad  Telangana 502319  India,17.5551,78.3081,17.5576,78.3112,17.5533,78.3069
574804,Kothur  Telangana 501359  India,17.0931,78.4688,17.0946,78.4709,17.0907,78.4666
577681,Veldanda  Telangana 506221  India,17.8736,79.1111,17.8808,79.1162,17.8694,79.1063
573434,Chillkepally  Telangana 502321  India,17.6797,77.7395,17.7071,77.7483,17.6651,77.7189
572444,Bandankal  Telangana 505404  India,18.2412,78.7462,18.2481,78.7545,18.2384,78.7392
575967,Pamireddypally  Telangana 509130  India,16.3912,77.7636,16.4129,77.7854,16.3859,77.7373
575422,Ananthapur  Telangana 509371  India,16.7704,77.8281,16.7792,77.8397,16.763,77.816
572309,Nagunoor - Chamana Pally - Mogdumpoor Rd  Jublee Nagar  Telangana 505415  India,18.5029,79.1598,18.5064,79.1671,18.5012,79.1504
576350,Enmanabetla  Telangana 509102  India,16.153,78.2732,16.1675,78.2826,16.1443,78.2652
573343,Satwar  Andhra Pradesh  India,17.7015,77.5333,17.7279,77.5542,17.6839,77.5081
568956,Tamsi  Telangana 504312  India,19.6878,78.4226,19.6922,78.4274,19.6838,78.4197
579866,Illendulapadu  Telangana 507203  India,16.8891,80.3798,16.9061,80.3883,16.875,80.3634
575899,Musalaipalle  Andhra Pradesh  India,16.3508,77.5877,16.3667,77.6073,16.3375,77.5757
576398,Boravelle  Telangana 509153  India,16.0278,77.9724,16.0311,77.9784,16.0227,77.9684
569977,Devaiguda  Telangana  India,19.2362,79.2775,19.2419,79.2831,19.2284,79.2705
572982,Raghavapur  Telangana 502107  India,18.1765,78.7752,18.1815,78.7803,18.1729,78.7706
570054,Ambaripet X Road  Telangana 505526  India,18.7914,79.1966,,,,
570534,Nagampet  Telangana 504214  India,18.9702,79.8381,18.9944,79.8512,18.9496,79.8217
578026,Bussapur  Telangana 506344  India,18.1783,80.0779,18.1805,80.0813,18.1764,80.0752
569334,Borda  Telangana  India,19.405,79.3268,19.4278,79.3406,19.3844,79.3183
575789,Solipur  Telangana 509380  India,16.5065,78.0345,16.51,78.0372,16.5016,78.0315
571613,Gudur  Telangana 505404  India,18.2972,78.6916,18.2999,78.6939,18.2928,78.6893
573939,Patighanpur  Telangana  India,17.5099,78.2448,17.5194,78.2669,17.495,78.2276
572299,Telangana 505469  India,18.3704,79.2338,18.4585,79.2775,18.3048,79.1549
570703,Nizampur  Telangana  India,18.8922,78.0937,18.9051,78.1127,18.8778,78.0737
569990,Sangapur  Telangana  India,19.205,79.2197,19.2173,79.2333,19.1875,79.193
183,KPHB 5th Phase  Kukatpally  Hyderabad  Telangana  India,17.4785,78.392,17.4846,78.395,17.4731,78.3889
573980,Patlur  Telangana 501202  India,17.5857,77.7953,17.591,77.7999,17.5783,77.7901
576657,Kommala Bus Stop  Kommala  Telangana 508224  India,17.3189,79.5911,,,,
577450,Surepalle  Telangana  India,16.7491,79.4043,16.7677,79.4184,16.7309,79.3969
576504,Narsapur  Telangana 508105  India,17.7362,78.8899,17.7383,78.8922,17.7341,78.8873
576143,Yapatla  Telangana 509401  India,16.2444,78.4289,16.2471,78.4352,16.2336,78.4238
93,Ward No 7 Secunderabad  Central Battery  Trimulgherry  Secunderabad  Telangana  India,17.4884,78.5199,17.4911,78.5258,17.4704,78.4936
578451,Kodishalamitta  Telangana 506135  India,17.7467,80.183,17.7487,80.1838,17.7456,80.1814
572749,Keswar  Telangana 502286  India,18.0007,77.6837,18.0091,77.692,17.9919,77.679
569532,Chirrakunta  Telangana 504294  India,19.3095,79.2627,19.3132,79.2664,19.3068,79.2588
578997,Singavaram Rd  Kodad  Telangana 508206  India,17.025,79.9519,17.0403,79.9542,17.0092,79.9479
571228,Telangana 503175  India,18.5156,78.145,18.7123,78.3436,18.3454,77.9503
571954,Telangana 505153  India,18.4572,79.5266,18.5102,79.5904,18.406,79.478
572243,Choppadandi  Telangana 505415  India,18.5805,79.169,18.6024,79.1856,18.5698,79.162
573904,Gummadidala  Telangana 502313  India,17.6847,78.3686,17.6897,78.3721,17.6786,78.3645
571573,Kachapoor  Telangana 503101  India,18.1983,78.456,18.2012,78.4633,18.1926,78.4493
570996,Telangana 503185  India,18.6725,77.8596,18.7656,77.926,18.596,77.7305
575873,Telangana 509208  India,16.4637,77.4931,16.586,77.6618,16.3387,77.3912
577669,Chinna Raman Cherla  Telangana 506221  India,17.7656,79.0469,17.7685,79.0495,17.7626,79.0436
578097,Muchimpula  Telangana  India,18.0491,79.8438,18.0619,79.8691,18.0272,79.8324
569969,Loddiguda  Telangana 504294  India,19.2065,79.0984,19.2582,79.1501,19.1392,79.064
573835,Suraram  Telangana 502291  India,17.6233,77.9082,17.6351,77.9216,17.6129,77.8988
576527,Chinnakandukur  Telangana 508286  India,17.6019,79.0172,17.6042,79.0229,17.5994,79.0111
576476,Kondapur  Telangana 508116  India,17.6866,78.7866,17.6904,78.7895,17.6854,78.7853
570776,Ankapur  Telangana 503224  India,18.7707,78.2505,18.7765,78.2599,18.7615,78.2385
570135,Belgaon  Andhra Pradesh  India,19.2824,77.9796,19.3254,78.0019,19.2554,77.9551
575591,Telangana 509324  India,16.7151,78.6342,16.7867,78.7681,16.6,78.4565
571656,Ramajipet  Telangana 505460  India,18.9239,78.822,18.9306,78.8285,18.9213,78.8149
571709,Madnoor  Telangana 505425  India,18.8726,79.104,18.8905,79.1244,18.8568,79.0894
574170,Ghatkesar Main Rd  Ghatkesar  Telangana 501301  India,17.4528,78.6834,17.4543,78.686,17.451,78.6809
572062,Manala  Telangana 505452  India,18.732,78.9811,18.7366,78.987,18.7287,78.9757
572439,Telangana 505404  India,18.259,78.7249,18.3606,78.7817,18.2145,78.6324
2164,537  Road Number 10  Jubilee Hills  Hyderabad  Telangana 500033  India,17.4327,78.4072,17.4327,78.4072,17.4327,78.4072
575071,Guddimalkapur  Telangana  India,16.8338,77.9682,16.856,77.9891,16.8252,77.9401
576190,Korlakunta  Telangana  India,16.1611,78.2106,16.1717,78.2182,16.1544,78.1961
579612,Raghunadhapalem  Telangana 507161  India,17.3229,79.8559,17.3245,79.8596,17.3206,79.8536
569491,Rahapalle  Telangana  India,19.3362,79.355,19.3484,79.3762,19.3233,79.3412
60,KPHB 5th Phase  Kukatpally  Hyderabad  Telangana  India,17.4785,78.392,17.4846,78.395,17.4731,78.3889
578963,Katayagudem  Telangana 507137  India,17.8335,80.9235,17.8431,80.9333,17.8233,80.9129
577204,Bogguladona  Telangana 508258  India,16.5441,78.7986,16.5677,78.8191,16.521,78.7864
572251,Ithrajpalle  Telangana 505186  India,18.5079,79.231,18.5232,79.2476,18.4989,79.2208
577579,Huzur Nagar  Telangana 508204  India,16.9003,79.8745,16.9177,79.8859,16.8812,79.8616
579674,Manchugonda  Telangana  India,17.3521,80.2266,17.3793,80.2616,17.3246,80.2029
573852,Mallepally  Telangana 502295  India,17.5543,78.0531,17.5585,78.0564,17.5509,78.0501
575785,Malkapur  Telangana 509380  India,16.5549,78.0126,16.5574,78.0317,16.5217,78.008
574330,Burhanpalle  Telangana 501101  India,17.3435,77.9453,17.3603,77.9732,17.3231,77.918
569249,Gangapur Rd  Utnoor  Telangana 504311  India,19.3674,78.7646,19.3702,78.774,19.3663,78.7545
577586,Telangana 508204  India,16.8278,79.8969,16.9468,80.0067,16.6732,79.7729
574384,Salbathapur  Telangana 501106  India,17.3954,77.7023,17.4069,77.7143,17.3849,77.6942
90,Ward No 7 Secunderabad  Central Battery  Trimulgherry  Secunderabad  Telangana  India,17.4884,78.5199,17.4911,78.5258,17.4704,78.4936
569458,Easgaon  Telangana 504296  India,19.386,79.5667,19.3898,79.5692,19.3826,79.5642
574884,Chowderpalle  Telangana 501509  India,17.0701,78.6399,17.0871,78.666,17.0493,78.5955
571504,Lingampalle Khurd  Telangana  India,18.278,78.1735,18.306,78.2037,18.2486,78.1256
572004,Wadkapur  Telangana 505525  India,18.6207,79.2832,18.6249,79.2882,18.6144,79.2789
572056,Gorregundam  Telangana 505452  India,18.6828,78.8666,18.7119,78.8769,18.6677,78.8402
572188,Devikonda  Telangana 505532  India,18.7276,79.1055,18.7326,79.1103,18.7225,79.1024
575980,Guntipalle  Telangana  India,16.303,77.8081,16.3236,77.8274,16.2769,77.8
574255,Chanda Nagar  Hyderabad  Telangana 500050  India,17.4936,78.3253,17.5112,78.3497,17.4815,78.3088
579900,Yerragunta  Telangana 507164  India,17.1556,80.7713,17.1772,80.7877,17.1405,80.7516
572829,Telangana 502371  India,18.1124,77.8596,18.2072,77.94,18.071,77.7789
572556,Tekurthi  Telangana 505475  India,18.325,79.5343,18.3278,79.5371,18.3227,79.5307
574650,Kadlapur  Telangana 501501  India,17.1551,77.9242,17.1569,77.9255,17.1535,77.9223
574797,Murli Apartment  Maruthi Nagar  New Santoshnagar  Santosh Nagar  Hyderabad  Telangana 500059  India,17.3453,78.5084,17.3454,78.5085,17.3452,78.5084
578369,Narsampet Rd  Murraigudem  Telangana 506132  India,17.917,80.021,17.9293,80.037,17.9142,79.9994
578823,Telangana 507117  India,17.9613,80.5883,18.1617,80.8877,17.8452,80.3114
573271,Shapur  Telangana 502257  India,17.8887,77.7767,17.8998,77.7866,17.8817,77.7617
579761,Khammam-Sathupalli Rd  Pallipadu  Telangana 507165  India,17.2089,80.3266,17.2121,80.3328,17.2061,80.32
570836,Inayat Nagar  Telangana 503307  India,18.7031,78.5746,18.7195,78.5922,18.6885,78.5551
571876,Kishtaraopet  Telangana 505504  India,18.6646,80.0507,18.6783,80.07,18.6493,80.0328
576685,Kotamarthy  Telangana 508277  India,17.4087,79.4078,17.4129,79.4114,17.4047,79.4062
577414,Pulimamidi  Telangana  India,16.8972,79.2592,16.9079,79.2764,16.8894,79.2469
569709,Gajli  Telangana  India,19.3802,78.4013,19.3919,78.4205,19.3606,78.3811
577551,Telangana 508201  India,16.9144,79.7624,17.0453,79.8892,16.811,79.6693
577258,Telangana 508243  India,16.6786,79.0306,16.7976,79.1765,16.5387,78.8867
572634,Godishala  Telangana  India,18.1872,79.3458,18.1897,79.3524,18.1844,79.3398
319,537  Road Number 10  Jubilee Hills  Hyderabad  Telangana 500033  India,17.4327,78.4072,17.4327,78.4072,17.4327,78.4072
577585,Entrance Road  Aster-Choutuppal  Telangana 508252  India,17.2449,78.9276,17.2466,78.9279,17.2441,78.9266
569415,Kushnepalle  Telangana 504299  India,19.3287,79.8913,19.3443,79.906,19.3191,79.8775
573892,Indrakaran - Rudraram Rd  Telangana 502329  India,17.5415,78.155,17.5548,78.1637,17.5263,78.1501
571580,Kancherla  Telangana 503101  India,18.1735,78.4802,18.1743,78.4841,18.1713,78.4776
576516,Mallapur  Telangana 508115  India,17.6316,78.9104,17.6364,78.9139,17.6245,78.904
573755,Moosapet  Telangana 502313  India,17.7439,78.2255,17.7458,78.2284,17.7403,78.2227
576112,Surapur  Telangana 509401  India,16.3031,78.5143,16.3051,78.5182,16.3012,78.5115
575891,Rudrasamudram  Telangana  India,16.4732,77.5562,16.4882,77.5764,16.4581,77.5407
572719,Bhanswada  Telangana 502287  India,18.1941,77.7252,18.201,77.7427,18.1838,77.7053
571235,Telangana 503164  India,18.5586,78.2704,18.6524,78.3914,18.4476,78.1573
574599,Bomreddipalle  Telangana 509335  India,17.015,77.8453,17.0217,77.8591,17.0029,77.8355
575965,Nandimalla  Telangana 509131  India,16.3514,77.7209,16.3559,77.7267,16.3476,77.7174
569384,Ravindranagar  Telangana 504299  India,19.4845,79.7876,19.496,79.8048,19.4798,79.7678
570210,Bember Rd  Maharashtra 504102  India,19.0578,77.8503,19.0616,77.8558,19.0565,77.8442
575945,Guddam Doddi  Telangana 509125  India,16.2992,77.6581,16.3061,77.6663,16.2954,77.6515
268,541  Road Number 10  Jubilee Hills  Hyderabad  Telangana 500033  India,17.4327,78.4072,17.4327,78.4072,17.4327,78.4072
573602,Lingareddipet  Telangana 502336  India,17.8083,78.461,17.8216,78.4731,17.8004,78.4493
579500,Gurramgudem  Telangana  India,17.3128,80.6271,17.3468,80.6433,17.2688,80.6079
569060,Ballori  Telangana 504309  India,19.7063,78.6881,19.723,78.6991,19.6911,78.6748
575621,Telangana 509201  India,16.3851,78.9741,16.5522,79.2341,16.1993,78.6313
577532,Palakeedu  Telangana 508218  India,16.8001,79.7056,16.8026,79.7089,16.7977,79.7038
573518,Pothareddipalle  Telangana 502273  India,17.7896,78.0566,17.7998,78.0682,17.7767,78.0479
569010,Khandala  Telangana  India,19.5734,78.6739,19.6112,78.6927,19.5356,78.6492
577573,Kodad Bypass  Kodad  Telangana 508206  India,16.99,79.9509,17.0162,79.9956,16.9846,79.9246
572070,Porandla  Telangana  India,18.8369,78.9097,18.8408,78.912,18.8327,78.9054
576329,Singavaram  Telangana  India,16.0847,78.1878,16.0928,78.2085,16.0732,78.1601
573123,Tirmalapur  Telangana  India,17.941,78.5831,17.9559,78.6113,17.9249,78.5583
569442,Malni  Telangana  India,19.4836,79.4141,19.5136,79.4586,19.3825,79.3701
577570,Dorakunta  Telangana 508206  India,16.9751,80.0158,16.9817,80.0229,16.9702,80.0122
574639,Malkaipet  Telangana  India,17.2147,77.7881,17.2258,77.8071,17.199,77.7649
572516,Purandala  Telangana  India,18.3583,79.2014,18.3622,79.2037,18.3554,79.195
569654,Bhosra  Telangana 504307  India,19.4732,78.3899,19.4832,78.402,19.4573,78.3769
573052,Giraipalle  Telangana  India,17.969,78.8128,17.9842,78.8232,17.947,78.7998
573711,Chilla Sagar  Telangana 502279  India,17.6992,78.6399,17.7222,78.6668,17.6737,78.6137
576213,Janumpalle  Telangana 509104  India,16.147,77.9596,16.1606,77.9746,16.1305,77.947
578464,Mahbubabad - Warangal Rd  Telangana  India,17.8372,80.0206,17.8399,80.0268,17.8369,80.0137
577720,Dharmasagar  Telangana  India,18.0004,79.4197,18.0179,79.4538,17.9801,79.3976
571595,Jangaon  Telangana  India,18.2392,78.4922,18.2476,78.5003,18.2163,78.466
569002,Waghapur  Telangana 504308  India,19.568,78.4631,19.5703,78.4649,19.5652,78.4603
571699,Thimmapoor  Telangana 505425  India,18.9155,79.1231,18.9193,79.1273,18.911,79.1195
576988,Namavaram  Telangana 508213  India,17.1311,79.7645,17.1366,79.7684,17.1267,79.7609
574680,Medikonda  Telangana 501501  India,17.2501,77.9881,17.2619,78.0031,17.2347,77.9738
575434,Kesavapur  Telangana  India,16.7451,77.8424,16.7652,77.8632,16.7262,77.8126
572334,Korem  Telangana 505524  India,18.5326,78.9126,18.5376,78.9149,18.5291,78.9102
569257,Lakhmapur  Telangana  India,19.4979,79.0165,19.5069,79.0313,19.4824,78.9992
575818,Nellikonda Nagar  Telangana 509409  India,16.5177,77.7924,16.5208,77.7946,16.514,77.7886
575407,Kushmohmedpalle  Telangana 509371  India,16.7652,77.7423,16.7775,77.7638,16.7589,77.7278
573491,Lingampally  Telangana 502273  India,17.692,78.1386,17.6937,78.1403,17.6905,78.1374
574372,Antharam  Telangana  India,17.263,77.8167,17.2744,77.8327,17.2495,77.802
47,KPHB 5th Phase  Kukatpally  Hyderabad  Telangana  India,17.4785,78.392,17.4846,78.395,17.4731,78.3889
576446,Kasipur  Telangana 509152  India,15.8639,78.1016,15.8666,78.1037,15.8615,78.0992
572948,Narlapur  Telangana 502102  India,18.066,78.5263,18.0842,78.5431,18.0474,78.4872
573611,Kucharam  Telangana  India,17.7126,78.4695,17.7409,78.4821,17.6932,78.4458
573605,Venkatapur Agraharam  Telangana 502336  India,17.7935,78.5064,17.7992,78.5157,17.7832,78.5005
569868,Brahmanchichal  Telangana 504273  India,19.2076,79.7764,19.2241,79.7924,19.1973,79.7594
577857,Nallagunta  Telangana 506345  India,18.2642,79.9696,18.2745,79.9874,18.246,79.9455
575985,Thippadampalle  Telangana 509131  India,16.2924,77.8739,16.3115,77.8904,16.2767,77.8591
576676,Vangamarthy  Telangana 508210  India,17.3158,79.4711,17.321,79.4738,17.3115,79.466
569451,Adilabad-Asifabad Rd  Telangana  India,19.3766,78.8978,19.3815,78.9122,19.3746,78.8855
571706,Gopulapur  Telangana 505425  India,18.8574,79.0822,18.8623,79.0847,18.8535,79.079
575037,Mominapur  Telangana  India,16.7924,77.6164,16.8115,77.6357,16.7811,77.5972
576469,Tirumalagiri  Telangana 508126  India,17.5226,78.7618,17.537,78.7796,17.5115,78.7474
569895,Baddampalle  Telangana  India,19.0737,79.7456,19.0868,79.7763,19.0508,79.7224
573107,Konapur  Telangana 502247  India,17.9569,78.5757,17.9584,78.577,17.956,78.574
577146,Puttapaka  Telangana 508253  India,17.114,78.9331,17.1161,78.9393,17.1095,78.9251
577336,Vattikode  Telangana  India,16.91,79.1153,16.9273,79.1361,16.8991,79.0842
573244,Kothwalpalle  Telangana  India,17.9993,77.8682,18.0151,77.8784,17.9896,77.8522
577333,Telangana 508256  India,16.8352,79.1323,16.9361,79.2623,16.7604,79.0135
577788,Medaramatla  Telangana  India,18.2685,79.6814,18.2856,79.694,18.258,79.6563
577949,Telangana 506347  India,18.1267,80.1429,18.2076,80.3875,17.9349,80.0509
577006,Eklashkhanpet  Telangana  India,17.0739,79.8017,17.1023,79.8235,17.0244,79.7853
571697,Tummenala  Telangana 505454  India,18.95,79.0624,18.9531,79.0645,18.9476,79.0593
576422,Telangana 509128  India,16.0716,77.9053,16.1644,78.0491,15.858,77.8213
570267,Voni  Telangana 504101  India,18.8999,77.9881,18.9148,77.9991,18.8876,77.9772
572133,Metlachittapur  Telangana 505325  India,18.7904,78.5902,18.7926,78.5937,18.7871,78.5875
569607,Soanpalle  Telangana  India,19.4048,78.5576,19.4201,78.5704,19.3935,78.5438
573715,Thanedharpalle  Telangana 502279  India,17.7535,78.678,17.7633,78.6812,17.7477,78.6503
570923,Laxmapur  Telangana  India,18.7247,78.0795,18.7391,78.0858,18.708,78.0611
571806,Eklaspur  Telangana 505184  India,18.6464,79.6881,18.6492,79.6925,18.6399,79.6842
573461,Khammampalle  Telangana 502345  India,17.6892,77.8453,17.7111,77.8638,17.6651,77.8242
569734,Neredgonda  Telangana 504323  India,19.2999,78.4055,19.3051,78.4095,19.2963,78.4017
576055,Chandhapur  Telangana 509120  India,16.2522,78.0688,16.2555,78.0721,16.2495,78.0673
578726,Kacharam G  Telangana 507136  India,18.389,80.5425,18.4009,80.5572,18.3779,80.5243
576191,Bollaram  Telangana 509105  India,16.1503,78.1978,16.1556,78.2056,16.144,78.1915
576251,Maldakal  Telangana 509132  India,16.1218,77.698,16.1271,77.703,16.1189,77.6907
576818,Kanumukla  Telangana 508284  India,17.3243,78.8637,17.3394,78.887,17.3105,78.8499
573811,Yellammaguda  Telangana 502313  India,17.6764,78.2533,17.6947,78.2954,17.6625,78.2391
570450,Dilwarpur  Telangana  India,19.0342,78.6739,19.0669,78.6831,19.0199,78.6533
569048,Sangvi K  Telangana 504302  India,19.806,78.6239,19.8074,78.6255,19.8047,78.622
575609,Annaram Rd  Jogala  Telangana 509349  India,16.5243,78.491,16.5327,78.4961,16.5137,78.4888
569247,Mahagaon  Telangana  India,19.4895,78.8326,19.5066,78.8471,19.479,78.817
576157,Nagulapally Bus Stop  Nagulapally  Telangana 509216  India,17.1019,78.1991,,,,
572771,Mugdumpur  Telangana  India,17.9287,77.7652,17.9378,77.775,17.9137,77.7544
569031,Pipparwada  Telangana 504309  India,19.7771,78.5682,19.779,78.5705,19.7744,78.5662
574333,Burgupalle  Telangana 501102  India,17.2935,77.8882,17.3212,77.9061,17.284,77.8594
574361,Chintakunta  Telangana 501121  India,17.2907,77.7884,17.3066,77.8344,17.2881,77.7705
578844,C. Kathigudem  Telangana 507133  India,18.0606,80.7921,18.0707,80.7987,18.0528,80.7868
572147,Telangana 505462  India,18.7242,78.6796,18.812,78.7394,18.6808,78.6167
570589,Mittapally  Telangana 504207  India,18.8563,79.2761,18.8687,79.2953,18.8362,79.2639
575379,Telangana 509406  India,16.6347,78.2362,16.6919,78.314,16.6069,78.1608
575397,Mahbubnagar  Telangana 509001  India,16.7375,78.0081,16.7803,78.0592,16.7138,77.9716
576419,Bonkur  Telangana 509128  India,15.9203,77.961,15.924,77.964,15.9169,77.9562
579297,Tirumalapuram  Andhra Pradesh  India,17.4975,81.2767,17.518,81.2984,17.4866,81.261
578243,Nagaram  Telangana 506201  India,17.6852,79.1767,17.6887,79.1779,17.6834,79.1735
115,540  Road Number 10  Jubilee Hills  Hyderabad  Telangana 500033  India,17.4327,78.4072,17.4327,78.4072,17.4327,78.4072
568957,504312  India,19.7381,78.407,19.9168,78.5631,19.5969,78.2706
576094,Telangana 509401  India,16.2924,78.5434,16.3907,78.7143,16.1988,78.4185
576337,Peddamaroor  Telangana 509104  India,16.0151,78.1579,16.0185,78.164,16.0059,78.1536
573072,Vemulaghat  Telangana  India,17.9626,78.7533,17.9914,78.788,17.9314,78.7125
574713,Komerabanda  Telangana  India,17.1982,78.0909,17.2084,78.1,17.1852,78.0808
576370,Malleswaram  Telangana  India,16.0307,78.3102,16.0683,78.3242,16.0201,78.2859
570235,Mudgal  Telangana 504102  India,19.0306,77.931,19.0457,77.9506,19.017,77.9131
579829,Lingannapalem  Telangana 507165  India,17.104,80.416,17.1131,80.4237,17.09,80.3981
575039,Chanwar  Telangana  India,16.8054,77.6393,16.8148,77.6567,16.7894,77.6267
570250,Brahmangaon  Telangana  India,18.9323,77.991,18.9676,77.9997,18.9146,77.974
578536,Fathepur  Telangana  India,17.5581,79.693,17.5602,79.6956,17.5555,79.6893
573423,Edakulapalle  Telangana  India,17.7089,77.7881,17.7206,77.7995,17.6965,77.7817
573842,Mubharakpur Rd  Telangana 502295  India,17.4671,78.0479,17.4695,78.0482,17.4646,78.0478
579811,Punyapuram  Telangana 507167  India,17.1406,80.4174,17.1445,80.4199,17.1377,80.4131
578316,Telangana 506316  India,17.7756,79.4816,17.8251,79.568,17.6927,79.4465
579042,Yetapaka  Charla Rd  Yatapaka  Andhra Pradesh 507111  India,17.6906,80.9052,,,,
574141,Yadgarpalle West  Telangana 501301  India,17.5692,78.6597,17.5924,78.6746,17.5415,78.6473
570978,Telangana 503185  India,18.6725,77.8596,18.7656,77.926,18.596,77.7305
579584,Thummalapalle  Telangana 507302  India,17.1935,80.641,17.2056,80.6522,17.1785,80.6267
579476,Papakollu  Telangana 507166  India,17.4191,80.4778,17.4229,80.4826,17.4143,80.4749
569398,Munjampalle  Telangana 504299  India,19.419,79.8241,19.4415,79.8429,19.399,79.8005
2,KPHB 5th Phase  Kukatpally  Hyderabad  Telangana  India,17.4785,78.392,17.4846,78.395,17.4731,78.3889
574156,Yamnampet  Telangana  India,17.4541,78.6611,17.46,78.6688,17.4492,78.6509
575959,Kondapur  Telangana  India,16.2542,77.5677,16.2671,77.5887,16.2353,77.5379
579586,Mandalapadu  Telangana 507302  India,17.2151,80.7058,17.2176,80.7077,17.2126,80.7044
571257,Pothnoor  Telangana 503165  India,18.6129,78.4276,18.6146,78.429,18.6107,78.4245
575337,Vemula  Telangana 509357  India,16.7848,78.3181,16.8041,78.3472,16.7703,78.2964
569563,Hasnapur  Telangana 504311  India,19.4177,78.8099,19.4347,78.8389,19.3903,78.7693
577162,Telangana 508245  India,16.9602,78.8609,17.0422,78.9929,16.9104,78.696
578956,Kasinagaram  Telangana  India,17.8761,80.8931,17.8937,80.9208,17.8643,80.8727
571832,Adivarampet  Telangana 505503  India,18.6406,79.9186,18.6428,79.9213,18.6373,79.9148
573833,Arur  Telangana 502291  India,17.6335,77.8853,17.6465,77.9071,17.6225,77.8661
573590,Venktaipalle  Telangana  India,17.8532,78.5292,17.8658,78.541,17.8363,78.5145
571266,Kondur  Telangana 503165  India,18.5883,78.4319,18.5927,78.4344,18.5827,78.4296
576555,Suddala  Telangana 508277  India,17.5339,79.1986,17.5363,79.2048,17.5298,79.1956
570510,Kasipet Road  Kasipet  Telangana 504231  India,19.0296,79.431,19.0376,79.4382,19.0264,79.426
576499,Kurraram  Telangana 508105  India,17.772,78.9281,17.7751,78.9316,17.7702,78.9256
574658,Telangana 501501  India,17.1869,77.951,17.3118,78.1023,17.0829,77.767
577492,Telangana 508217  India,16.9496,79.5379,17.0337,79.645,16.8909,79.4584
579171,Narasimhapuram Rd  Telangana 507170  India,17.2496,80.0349,17.2522,80.0422,17.2479,80.0278
574023,Arkathala  Telangana  India,17.456,77.931,17.4639,77.94,17.4439,77.917
570423,Ponkal  Telangana  India,18.9906,78.5377,19.0235,78.5638,18.9624,78.5131
570807,Telangana 503219  India,18.9758,78.3956,19.0039,78.4575,18.9026,78.3128
571005,Sangam  Telangana 503185  India,18.6035,77.9164,18.6084,77.92,18.6002,77.9117
571896,Muknur  Andhra Pradesh  India,18.5998,80.3269,18.6081,80.3395,18.5928,80.2841
577948,Kamalapur  Telangana  India,18.2643,80.4855,18.2773,80.4919,18.2545,80.4721
415,541  Road Number 10  Jubilee Hills  Hyderabad  Telangana 500033  India,17.4327,78.4072,17.4327,78.4072,17.4327,78.4072
573551,Antharam  Telangana 502314  India,17.8676,78.1878,17.878,78.1975,17.8528,78.1794
576434,Bukkapur  Telangana 509152  India,15.9271,78.1351,15.9316,78.1378,15.9244,78.1307
569315,Wankdi Khurd  Telangana 504295  India,19.4761,79.3381,19.4889,79.3487,19.468,79.3317
569076,Guda  Telangana 504309  India,19.7584,78.7749,19.7598,78.7765,19.757,78.7731
573013,Ramancha  Telangana  India,18.1647,78.8368,18.1697,78.8408,18.1613,78.8323
575637,Hajipur  Telangana 509375  India,16.4434,78.6945,16.4458,78.6983,16.4398,78.6916
571179,Telangana 503301  India,18.4281,77.871,18.4785,77.9242,18.393,77.8086
576371,Somasila Rd  Kollapur  Telangana 509102  India,16.0867,78.3068,16.1058,78.3135,16.0668,78.3043
572410,Padira  Telangana 505303  India,18.3622,78.7044,18.3642,78.7071,18.3603,78.7006
574227,Khanapur  Hyderabad  Telangana 500075  India,17.4033,78.3131,17.4128,78.3261,17.3947,78.2965
572680,Gatla Narsingapur  Telangana 505497  India,18.0842,79.3226,18.0904,79.327,18.0811,79.3174
574416,Thimsanpalle  Telangana  India,17.37,77.6679,17.3821,77.6803,17.3535,77.656
577140,Kothagudem  Telangana 508253  India,17.1349,78.9147,17.1453,78.9335,17.1217,78.9
577810,Nawabpet  Telangana 506356  India,18.342,79.6565,18.3453,79.6623,18.3394,79.6524
579524,Kannaigudem  Telangana  India,17.3577,81.2299,17.4343,81.3061,17.3167,81.1877
573863,Mohammadapur  Telangana 502295  India,17.5105,78.0138,17.5268,78.0329,17.4973,77.9955
577993,Telangana 506344  India,18.2296,80.3213,18.409,80.5005,18.0605,79.9831
570125,Burgupalle K  Telangana 504109  India,19.0883,78.0966,19.098,78.1031,19.0797,78.0921
577150,Telangana 508245  India,16.9602,78.8609,17.0422,78.9929,16.9104,78.696
572223,Gundi  Telangana 505531  India,18.625,79.0906,18.6274,79.0947,18.6213,79.0868
579314,Ramavaram  Panjabgadda  Kothagudem  Telangana  India,17.5223,80.6313,17.5309,80.6361,17.5155,80.6269
573419,Guntamarpalle  Telangana  India,17.7617,77.7938,17.7713,77.8097,17.7529,77.7771
575689,Telangana 509385  India,16.4265,78.4525,16.5091,78.5466,16.3632,78.3703
573742,Parkibanda  Telangana 502336  India,17.7647,78.4402,17.7704,78.4498,17.7584,78.4338
576219,Yaparla  Telangana 509104  India,16.0538,78.0668,16.058,78.0708,16.05,78.0628
576257,Telangana 509132  India,16.1509,77.6765,16.2051,77.8353,16.0582,77.5602
576956,Pillala Marri Rural  Telangana  India,17.173,79.5716,17.2465,79.6078,17.1339,79.5453
572954,Lachapet - Cheekode Rd  Telangana 502108  India,18.2096,78.6411,18.2473,78.6492,18.1728,78.6318
574911,Indanoor  Telangana 509336  India,17.0527,77.5132,17.0626,77.5209,17.0447,77.4971
577025,Mandapuram  Telangana 508373  India,16.8731,79.0115,16.8756,79.0137,16.8711,79.0088
578757,Mahitapuram G  Telangana 507136  India,18.3223,80.5591,18.3284,80.5647,18.3179,80.5557
574137,Jai Jawahar Nagar Road  Ambedkar Nagar  Secunderabad  Telangana 500087  India,17.5067,78.5789,17.5067,78.5791,17.506,78.5788
575257,Chellampalle  Telangana 509358  India,16.9331,78.4809,16.9532,78.4972,16.9156,78.449
579887,Telangana 507202  India,16.9044,80.5216,16.9601,80.6022,16.832,80.4681
569907,Kalmalpet  Andhra Pradesh  India,19.067,79.8619,19.0801,79.87,19.0513,79.8535
571359,Juvvadi  Telangana  India,18.3917,78.1707,18.4056,78.2068,18.37,78.1512
578005,Narsapur(PL)  Telangana 506347  India,18.0594,80.3272,18.0606,80.3282,18.0587,80.3264
572453,Thadoor  Telangana 505405  India,18.3801,78.8333,18.3837,78.8349,18.3771,78.8307
574954,Mukhtipahad  Telangana Mukhtipahad  India,16.9931,77.6731,16.9947,77.6742,16.9915,77.6721
577770,Kamareddipalle  Telangana  India,18.1487,79.726,18.1657,79.7364,18.1186,79.7138
571391,Bollakpally  Telangana 503187  India,18.3478,77.8585,18.3565,77.8781,18.3209,77.8558
576054,Savaigudem  Telangana  India,16.2839,78.0281,16.2984,78.0469,16.2543,78.009
576288,Jadadoddi  Telangana  India,16.018,77.7252,16.0328,77.7382,16.0027,77.7155
578714,507136  India,18.5204,80.4994,18.6307,80.6628,18.2556,80.3672
577609,Aknoor  Telangana 506223  India,17.9738,79.0235,17.9782,79.0296,17.9699,79.0198
578612,Reponi  Telangana  India,17.4558,79.7344,17.4859,79.7434,17.4285,79.7192
574727,Ragannaguda  Manneguda  Telangana 501510  India,17.2608,78.5902,17.2658,78.594,17.2588,78.5856
570164,Pangra  Telangana 504103  India,19.1783,77.9539,19.1828,77.964,19.1692,77.9482
570740,Marampalle  Telangana 503212  India,18.9244,78.2305,18.9376,78.2523,18.9116,78.2175
569133,Kappardevi  Telangana  India,19.6257,78.3472,19.6435,78.3626,19.6134,78.3311
569989,Ginnedari  Telangana 504297  India,19.1973,79.2395,19.2107,79.2645,19.1705,79.2238
570977,Telangana 503185  India,18.6725,77.8596,18.7656,77.926,18.596,77.7305
572225,Telangana 505531  India,18.6079,79.0871,18.698,79.1632,18.5239,79.0019
572974,Telangana 502108  India,18.1628,78.6796,18.2562,78.7672,18.0373,78.5615
573540,Chandoor  Telangana  India,17.8754,78.1008,17.8789,78.1041,17.8717,78.0958
576987,Sirikonda  Telangana  India,17.2056,79.7512,17.2325,79.7906,17.1754,79.7156
577605,Thadoor Rd  Thadoor  Telangana 506223  India,17.9757,78.9395,17.9864,78.9431,17.9671,78.933
579440,Dharmapuram  Telangana  India,17.5861,80.2266,17.6053,80.2463,17.5579,80.2038
569595,Birsaipet  Telangana 504311  India,19.2882,78.8135,19.2925,78.8166,19.284,78.8099
579724,Ramachandrapuram  Telangana 507160  India,17.0739,80.0074,17.0784,80.0099,17.0706,80.0036
578617,Jayapuram  Telangana 506324  India,17.5367,79.815,17.541,79.8203,17.5337,79.8118
569869,Bhamanagar  Telangana 504273  India,19.212,79.7484,19.2168,79.7621,19.1991,79.7348
578319,Kothapalli Rd  Telangana 506348  India,18.3578,79.8021,18.3682,79.8238,18.3519,79.7827
570193,Kamol  Telangana  India,19.05,78.0024,19.0691,78.0153,19.0319,77.9756
575473,Peddajatram  Telangana  India,16.6666,77.5963,16.6914,77.6168,16.6242,77.5566
576212,Sugur  Telangana 509104  India,16.1394,77.9796,16.1584,77.9994,16.1151,77.9667
575225,Telangana 509228  India,17.1019,78.2818,17.1721,78.3518,17.0472,78.216
576387,Telangana 509126  India,15.974,77.8139,16.1036,77.9153,15.8782,77.7452
574298,Bastepur  Telangana 501503  India,17.29,78.0951,17.2921,78.0976,17.2878,78.0922
569835,Dampur  Telangana  India,19.1221,79.6137,19.1403,79.6274,19.1031,79.5964
575730,Deshitkyal  Telangana  India,16.4604,78.333,16.4884,78.3501,16.4444,78.3121
572651,Katrapalli  Telangana 505480  India,18.1659,79.3839,18.169,79.3876,18.1623,79.3808
569311,Mahagaon  Andhra Pradesh  India,19.5465,79.386,19.5685,79.4076,19.5212,79.3601
575858,Bekkarapalle  Telangana 509130  India,16.427,77.7023,16.443,77.7077,16.4158,77.6897
576940,Cherukupally  Telangana 508211  India,17.1073,79.514,17.1105,79.519,17.1029,79.5098
572437,Terlumaddi  Telangana 505404  India,18.2878,78.7525,18.2879,78.7526,18.2878,78.7525
575232,Santhapur  Telangana 509408  India,16.9861,78.3899,17.0203,78.4105,16.9601,78.3547
578897,Lingala G  Telangana 507140  India,18.0238,80.8834,18.031,80.8898,18.0164,80.8753
571920,Vallamkunta  Telangana 505503  India,18.5967,79.8241,18.6292,79.845,18.5616,79.7959
570118,Penchikalpahad  Telangana 504109  India,19.1371,78.0823,19.1496,78.0928,19.1221,78.0634
571667,Talla Dharmaram  Telangana 505454  India,19.0488,78.9748,19.0516,78.9778,19.047,78.9708
572460,Jillella  Telangana 505405  India,18.2749,78.8092,18.2789,78.8125,18.2716,78.8062
579021,Lingalapalle  Andhra Pradesh 507129  India,17.7037,81.0341,17.7189,81.0438,17.6975,81.0167
569954,Achalapur  Telangana  India,19.1596,79.5319,19.1632,79.5404,19.153,79.5253
570844,Badabheemgal  Telangana 503307  India,18.6919,78.4169,18.6978,78.4217,18.6892,78.4112
575788,Upparapalle  Telangana 509380  India,16.5091,78.0167,16.5294,78.0269,16.4883,78.0009
577794,Vencherami  Telangana  India,18.4671,79.7063,18.4921,79.7711,18.4093,79.6625
802915,502220  India,17.5827,77.5849,17.7044,77.6764,17.5427,77.4958
572325,Chegurthi  Telangana  India,18.4511,79.2187,18.4561,79.2476,18.426,79.1943
573705,Telangana 502279  India,17.7397,78.6342,17.8323,78.7783,17.6674,78.5213
574725,Sultanpalle  Telangana 501218  India,17.2682,78.3038,17.2698,78.3054,17.2664,78.3014
571435,Mangloor  Telangana 503302  India,18.215,77.8682,18.2359,77.8803,18.2019,77.8579
441,KPHB 5th Phase  Kukatpally  Hyderabad  Telangana  India,17.4785,78.392,17.4846,78.395,17.4731,78.3889
574320,Girgetpalle Rural  Telangana 501102  India,17.3684,77.9253,17.3764,77.9353,17.3519,77.9134
574588,Mangampet  Telangana 509337  India,16.9107,77.8725,16.9135,77.8764,16.9069,77.8698
576910,Shapelly  Telangana 508205  India,17.2495,79.2803,17.2561,79.288,17.2449,79.2739
152,541  Road Number 10  Jubilee Hills  Hyderabad  Telangana 500033  India,17.4327,78.4072,17.4327,78.4072,17.4327,78.4072
577925,Warangal Rd  Telangana  India,17.9527,79.811,17.9558,79.8753,17.9241,79.7371
572720,Damaragiddi [Panchamahal]  Telangana 502287  India,18.179,77.7166,18.1891,77.7363,18.1615,77.7066
579453,Perupalle  Telangana  India,17.5649,80.2712,17.5849,80.3084,17.543,80.2453
579721,Telangana 507160  India,17.1034,80.0423,17.1561,80.1052,17.0568,79.9835
569584,Lakkaram  Telangana 504311  India,19.3818,78.7986,19.3938,78.8241,19.3664,78.7858
569421,Kondapalle  Telangana 504292  India,19.3175,79.3993,19.321,79.4007,19.3148,79.3982
570328,Ratnapur K  Telangana  India,19.0414,78.2046,19.0524,78.2133,19.0304,78.1959
574956,Mirzapur  Telangana  India,16.9455,77.6565,16.9624,77.6725,16.9272,77.6411
571061,Enbhura  Telangana  India,18.4981,77.7366,18.5076,77.743,18.4861,77.7243
571715,Siricilla-Konaraopet-Nimmapalli Rd  Telangana 505301  India,18.4532,78.736,18.5196,78.8192,18.4042,78.6628
570578,Venkatraopet  Telangana  India,18.9414,79.2014,18.9502,79.2078,18.9369,79.1935
570956,Ambam  Telangana 503235  India,18.6965,77.9307,18.698,77.932,18.6947,77.9292
577894,Telangana 506165  India,18.5114,80.3213,18.609,80.4717,18.2038,79.98
569150,Sitagondi  Telangana 504308  India,19.5818,78.4944,19.584,78.4975,19.5787,78.4908
576029,Telangana 509382  India,16.6351,78.0424,16.7323,78.1861,16.4886,77.9037
575711,Kummera  Telangana 509215  India,16.5616,78.2761,16.5983,78.2949,16.5424,78.2591
570746,Talveda  Telangana 503212  India,18.8816,78.1001,18.885,78.1045,18.8795,78.0937
569857,Pedda Thimmapur  Telangana 504273  India,19.2134,79.6699,19.2253,79.6799,19.2003,79.6585
571024,Kotagiri  Telangana  India,18.5737,77.8224,18.5803,77.8279,18.5658,77.8124
575695,Alair Bus Stop  Alair  Telangana 509412  India,16.3601,78.4468,,,,
578857,Cherla Bus Stand  Cherla  Telangana 507133  India,18.0751,80.8266,,,,
576794,Annampatla  Telangana 508126  India,17.471,78.8365,17.475,78.8382,17.4681,78.8342
577408,Kosalamarri  Telangana 508266  India,16.8433,79.2236,16.8445,79.225,16.8416,79.2221
570522,Perikapally  Telangana 504251  India,19.0564,79.5459,19.0641,79.5693,19.02,79.5413
576194,Shakhapur Y  Telangana  India,16.2409,77.9339,16.2589,77.9544,16.2134,77.9129
575056,Ayodhyanagar  Telangana  India,16.8614,77.7996,16.8776,77.8299,16.8535,77.7781
570743,Komatpalle  Telangana 503212  India,18.9287,78.1835,18.9431,78.1927,18.9151,78.1733
577332,Pochampally  Telangana 508256  India,16.9022,79.0518,16.9058,79.0571,16.899,79.0491
569305,Goagaon  Andhra Pradesh  India,19.5674,79.3409,19.5809,79.3771,19.5394,79.3189
573346,Tumkunta  Telangana  India,17.7079,77.5877,17.7204,77.6014,17.6955,77.5782
574958,Chennaram  Telangana 509339  India,16.9742,77.689,17.0017,77.7174,16.9557,77.6852
500,534  Road Number 10  Jubilee Hills  Hyderabad  Telangana 500033  India,17.4327,78.4072,17.4327,78.4072,17.4327,78.4072
575364,Telangana 509408  India,16.9786,78.3615,17.0441,78.4619,16.8334,78.1974
576254,Kurthiravalcheruvu  Telangana  India,16.0999,77.6937,16.1159,77.7155,16.0819,77.6744
571608,Vemulakurthi  Telangana 505450  India,18.9636,78.5987,18.9677,78.6041,18.9569,78.5947
292,540  Road Number 10  Jubilee Hills  Hyderabad  Telangana 500033  India,17.4327,78.4072,17.4327,78.4072,17.4327,78.4072
576487,China Laxma Puram  Telangana 508116  India,17.6467,78.7901,17.6599,78.8043,17.6321,78.775
572428,Lingannapet  Telangana 505304  India,18.2897,78.603,18.2959,78.6124,18.2828,78.5944
576938,Telangana 508211  India,17.1782,79.4479,17.2268,79.5408,17.0826,79.3507
569407,Mogavelly  Andhra Pradesh  India,19.3312,79.9361,19.356,79.9667,19.3097,79.906
577485,Narsapoor  Telangana 508355  India,16.7268,79.5955,16.7299,79.6005,16.724,79.5908
578321,Bollikunta  Telangana 506005  India,17.8896,79.6151,17.8942,79.619,17.887,79.6096
579277,Chokkanapalle  Andhra Pradesh 507135  India,17.5107,81.3097,17.5283,81.3239,17.495,81.298
572683,Katkoor  Telangana 505466  India,18.0393,79.2374,18.0444,79.2409,18.0327,79.2336
573153,Pedda Shivnoor  Telangana  India,17.9239,78.4922,17.9342,78.5113,17.9095,78.4783
577768,Madharam  Telangana 506164  India,18.1762,79.6923,18.1926,79.7065,18.1568,79.6779
574964,Balabhadraipalle  Telangana 509339  India,16.9111,77.6622,16.9245,77.6771,16.896,77.6443
577697,Chinna Pendyala  Telangana 506144  India,17.8899,79.4043,17.8969,79.4081,17.884,79.3988
576354,Choutabetla  Telangana 509102  India,16.1379,78.3131,16.1436,78.3202,16.1287,78.3058
569844,Itial  Telangana 504273  India,19.2961,79.5744,19.3204,79.5946,19.2859,79.5573
579140,Venkatrayapalem  Andhra Pradesh  India,17.5936,81.194,17.6044,81.2064,17.575,81.1866
576239,Maddelabanda  Telangana 509132  India,16.155,77.6479,16.1817,77.6717,16.1219,77.6346
578060,Thirumalagiri-Thorrur Rd  Telangana  India,17.5356,79.5587,17.5962,79.6433,17.4824,79.4665
579636,Kusumanchi  Telangana 507159  India,17.2247,79.9556,17.232,79.9642,17.2184,79.9474
577881,Sarvai  Telangana 506165  India,18.4915,80.3279,18.4929,80.3293,18.4908,80.3265
573763,Brahmanpalle  Telangana 502313  India,17.7943,78.3245,17.8008,78.3377,17.7863,78.3097
578672,Mannegudem  Telangana 506381  India,17.3891,80.0458,17.3911,80.0477,17.3861,80.0442
573355,Dhanasiri  Telangana 502221  India,17.6478,77.4673,17.6543,77.479,17.639,77.4574
576806,Telangana 508126  India,17.5143,78.7703,17.6139,78.8991,17.3784,78.6819
577830,Telangana 506169  India,18.4287,79.8633,18.4728,79.9343,18.3733,79.8128
572354,Telangana 505302  India,18.501,78.8609,18.59,78.9127,18.4001,78.7905
570804,Chittapur  Telangana 503217  India,18.8419,78.3373,18.8483,78.344,18.8377,78.3302
578902,R.Kothagudem  Telangana 507140  India,18.0057,80.8725,18.0134,80.8851,17.9982,80.8689
575579,Kurmidda  Telangana 509320  India,16.675,78.4354,16.7,78.4603,16.6598,78.4115
570466,Kundelapahad  Telangana  India,18.9848,79.2169,18.9974,79.2315,18.9635,79.1945
569589,Tejapur - J  Telangana 504311  India,19.3218,78.776,19.3542,78.7993,19.2972,78.7587
576224,Mulkalapalle  Telangana 509125  India,16.2363,77.8539,16.2509,77.8683,16.2195,77.8334
578426,Telangana 506135  India,17.9391,80.1429,18.0968,80.2793,17.7057,79.9661
570483,Kondapur  Telangana  India,18.9702,79.1182,18.9795,79.1292,18.9608,79.1037
569461,Mandva  Telangana 504299  India,19.379,79.5856,19.3914,79.6059,19.3696,79.5736
569870,Kunchavelli  Telangana  India,19.1912,79.7456,19.2129,79.7668,19.1812,79.7277
273,KPHB 5th Phase  Kukatpally  Hyderabad  Telangana  India,17.4785,78.392,17.4846,78.395,17.4731,78.3889
571893,Neelampalle  Andhra Pradesh  India,18.6568,80.2934,18.6697,80.3153,18.6332,80.257
575596,Sarvareddipalle  Telangana  India,16.6283,78.6399,16.6507,78.6635,16.5861,78.6213
579554,Mustibanda - Seethanagaram Rd  Seethanagaram  Andhra Pradesh 507306  India,17.2222,80.962,17.2455,80.9709,17.1972,80.9606
571967,Gangaram  Telangana 505153  India,18.5041,79.4999,18.5074,79.5033,18.5015,79.494
573661,Telangana 502279  India,17.7397,78.6342,17.8323,78.7783,17.6674,78.5213
573700,Dasarlapalle  Telangana  India,17.6922,78.5689,17.7037,78.5826,17.6819,78.5547
569737,Kuntala Khurd  Telangana  India,19.2881,78.4724,19.3075,78.5123,19.2764,78.4423
576448,Ryalampadu  Telangana  India,15.857,78.1479,15.8708,78.1565,15.8529,78.1374
570713,Mittapur  Telangana  India,18.8638,77.971,18.8745,77.985,18.8527,77.9581
572258,Poosala  Telangana 505185  India,18.5352,79.2987,18.5413,79.311,18.5213,79.2896
576584,Manapur  Telangana  India,17.4745,79.6446,17.4984,79.6602,17.4669,79.6196
574654,Yabajiguda  Telangana 501501  India,17.1297,77.9789,17.1325,77.9815,17.1279,77.9761
577474,Telangana 508207  India,16.6922,79.5154,16.9765,79.6676,16.6221,79.4087
80,539  Road Number 10  Jubilee Hills  Hyderabad  Telangana 500033  India,17.4327,78.4072,17.4327,78.4072,17.4327,78.4072
570184,Pangri  Telangana 504103  India,19.111,77.9082,19.1262,77.9249,19.0971,77.8964
569552,Marlawai  Telangana 504313  India,19.3302,78.9118,19.3544,78.9297,19.3217,78.8854
574690,Telangana 501501  India,17.1869,77.951,17.3118,78.1023,17.0829,77.767
569184,Heerapur  Telangana 504346  India,19.4978,78.6611,19.5029,78.6662,19.4876,78.6548
575745,Gouraram Rd  Gouraram  Telangana 509385  India,16.4725,78.4785,16.4831,78.4789,16.4617,78.4736
576358,Narlapuram  Telangana 509102  India,16.1708,78.333,16.2034,78.3518,16.14,78.3148
578115,Telangana 506331  India,17.992,79.8073,18.0384,79.9023,17.8958,79.7376
579071,Rajupeta Charla Rd  Bhadrachalam  Telangana 507111  India,17.6772,80.9096,17.679,80.9138,17.6745,80.9051
571333,Telangana 503145  India,18.4183,78.2704,18.4689,78.3274,18.3477,78.1352
575690,Gattu Nelikuduru  Telangana 509385  India,16.4077,78.439,16.4092,78.4411,16.4061,78.4362
576861,Kunkudu Pamula  Telangana  India,17.3485,79.2508,17.3615,79.2765,17.3321,79.2372
578483,Telangana 506332  India,17.845,79.9081,17.9166,79.9873,17.797,79.8304
569326,Sarandi  Telangana 504295  India,19.4479,79.3071,19.4708,79.32,19.4384,79.293
571168,Telangana 503321  India,18.4703,77.8024,18.5278,77.8803,18.4027,77.7559
577348,Nalgonda Rd  Telangana 508257  India,16.7712,79.0615,16.7732,79.0662,16.7698,79.0569
571096,Pedda Edgi  Telangana 503305  India,18.3779,77.5935,18.3894,77.6133,18.365,77.5754
578804,Bodapuram [G]  Telangana  India,18.1851,80.7026,18.1997,80.7176,18.1565,80.6587
578656,Telangana 506101  India,17.6244,79.9417,17.7065,80.0529,17.5614,79.8341
575535,Telangana 509219  India,16.4444,77.951,16.629,78.0216,16.3941,77.8469
324,537  Road Number 10  Jubilee Hills  Hyderabad  Telangana 500033  India,17.4327,78.4072,17.4327,78.4072,17.4327,78.4072
579552,Naidupeta  Telangana 507306  India,17.2647,80.918,17.2831,80.9279,17.2429,80.9025
569229,Power House Colony  Godavarikhani  Ramagundam  Telangana  India,18.77,79.5064,18.7763,79.5164,18.761,79.5025
572023,Dongaturthi  Telangana  India,18.6919,79.2973,18.6972,79.3023,18.6872,79.2917
579341,Pinapakapatti Nagar  Nagaram  Telangana 507114  India,17.6255,80.7859,17.6273,80.7893,17.624,80.7835
579502,Peddireddigudem  Telangana  India,17.2808,80.6937,17.3047,80.7212,17.2594,80.6574
570757,Thondakoor  Telangana 503212  India,18.9005,78.1839,18.9032,78.1864,18.8979,78.1817
578846,Chimalapadu  Telangana 507133  India,18.079,80.7928,18.0826,80.7977,18.0754,80.787
572435,Gudur  Telangana 505404  India,18.2972,78.6916,18.2999,78.6939,18.2928,78.6893
571624,Sri Rampur  Telangana 505331  India,18.9951,78.681,19.0041,78.6874,18.9876,78.6746
573927,Chinnakanjerla  Telangana  India,17.615,78.2505,17.6318,78.2816,17.6035,78.2189
573804,Borpatla  Telangana 502296  India,17.6825,78.1621,17.6957,78.1861,17.6687,78.1471
569753,Bhurnur  Telangana 504313  India,19.3405,78.9373,19.3548,78.9518,19.3296,78.9214
576128,Dedinenipalle  Telangana 509412  India,16.2996,78.4098,16.3052,78.4289,16.2899,78.3931
570593,Gadhpur  Telangana  India,18.9187,79.3916,19.0179,79.4171,18.8857,79.3608
575142,Mutpoor  Telangana 509207  India,17.1513,78.0367,17.162,78.0627,17.1262,78.0137
572150,Posanipet  Telangana 505462  India,18.7034,78.698,18.7086,78.7044,18.7007,78.6955
573532,Kanchanpalle  Telangana  India,17.8978,78.2533,17.9218,78.2727,17.8672,78.2277
571271,Musheernagar  Telangana 503165  India,18.5069,78.4269,18.5197,78.4414,18.4884,78.4087
574305,Chevella Rd  Telangana  India,17.3297,78.2749,17.3732,78.4057,17.3049,78.1382
569602,Kamgir  Telangana  India,19.4571,78.5036,19.4656,78.5133,19.4382,78.4914
573925,Rudraram  Telangana 502329  India,17.5621,78.1668,17.5665,78.1699,17.5527,78.162
576459,Pyararam  Telangana 508116  India,17.6045,78.7675,17.6099,78.7786,17.5937,78.744
573476,Pulkal  Telangana 502293  India,17.7402,77.9867,17.7483,77.9903,17.7312,77.9799
572281,Gudem  Telangana  India,18.4249,79.5133,18.4286,79.5166,18.4224,79.51
570381,Peechara  Telangana  India,19.0179,78.4127,19.0337,78.4344,19.0003,78.4007
575761,Shainpalle  Telangana  India,16.4825,78.1593,16.4914,78.1798,16.4695,78.1389
570717,Rampur  Telangana 503245  India,18.8022,77.9682,18.814,77.9894,18.7827,77.9559
571060,Kurla  Telangana 503309  India,18.5022,77.7484,18.5042,77.7501,18.5004,77.7476
574312,Telangana 501503  India,17.325,78.1222,17.466,78.2478,17.2254,78.0165
579478,Padamati Narsapuram  Telangana 507166  India,17.4246,80.5161,17.4485,80.5371,17.4047,80.5048
573144,Ananthasagar  Telangana  India,17.9699,78.4809,17.9839,78.4923,17.9563,78.4681
576848,T.N.R.Function Hall  Nandipad  Miryalguda  Nalgonda District.  Rd Number 5  Sri colony  Dr AS Rao Nagar  Secunderabad  Telangana 500056  India,17.4795,78.5365,,,,
573197,Kongode  Telangana  India,17.9435,78.2846,17.9718,78.2922,17.9227,78.2707
572686,Penchikalpet Gram Office  Penchikalpeta  Telangana 505498  India,18.1582,79.414,,,,
570803,Balkonda  Telangana 503217  India,18.8696,78.3359,18.8791,78.3451,18.8637,78.3309
570508,Peddampalle Rural  Telangana  India,19.0371,79.462,19.0525,79.4749,19.0291,79.4471
575428,Chandapur  Telangana  India,16.7083,77.7595,16.7265,77.7729,16.6888,77.7392
574371,Mominkalan  Telangana 501501  India,17.2524,77.8339,17.2653,77.8478,17.2406,77.824
569920,Kushenapalle  Telangana 504219  India,19.1188,79.7119,19.133,79.7384,19.0957,79.6863
573708,Chinna Thimmapur  Telangana 502279  India,17.7062,78.6087,17.7155,78.6223,17.6914,78.5939
572486,Asireddypally - Thimmapur - Chendurthi Rd  Telangana 505403  India,18.574,78.793,18.5784,78.806,18.5716,78.7801
577436,Telangana 508278  India,16.8471,79.3578,16.9892,79.4593,16.7358,79.2613
578488,Jhalli  Telangana 506332  India,17.8455,79.8605,17.8567,79.877,17.8345,79.8422
571528,Devai Palle  Telangana  India,18.3233,78.269,18.3307,78.2764,18.3156,78.2641
574723,Malkaram Substation  Malkaram  Telangana 509217  India,17.2532,78.2805,17.2536,78.2812,17.2529,78.2803
570415,Koratikal  Telangana 504310  India,19.0505,78.5015,19.0531,78.5057,19.0473,78.4976
572119,Peddapur  Telangana 505325  India,18.8079,78.6551,18.8107,78.6567,18.8048,78.6516
573973,Bilkal  Telangana 501202  India,17.6068,77.8514,17.614,77.8721,17.5805,77.8473
576042,Telangana 509381  India,16.3518,77.951,16.4151,78.0212,16.2663,77.868
577354,Kacharam Koppole  Telangana 508256  India,16.7936,79.1153,16.8063,79.1491,16.7827,79.0902
575234,Alwal  Telangana  India,16.9944,78.333,17.0273,78.3712,16.9632,78.319
576287,Thumkunta  Telangana 509127  India,16.0483,77.713,16.0511,77.715,16.0463,77.7104
578357,Telangana 506331  India,17.992,79.8073,18.0384,79.9023,17.8958,79.7376
574945,Kothapalli Village Road  Kothapalli  Telangana 501509  India,16.9723,78.6796,16.9748,78.6801,16.97,78.6784
569284,Kothari  Telangana 504293  India,19.4066,79.2056,19.4381,79.2156,19.3786,79.189
575845,Narva  Telangana 509130  India,16.5002,77.6679,16.5111,77.6916,16.4846,77.6465
577505,Venkatadri Palem  Telangana 508256  India,16.8549,79.2182,16.8556,79.2195,16.8542,79.217
576119,Lingal  Telangana 509401  India,16.2692,78.5164,16.2765,78.5229,16.2617,78.5115
571175,Sangam  Telangana  India,18.4465,77.931,18.4613,77.9578,18.4343,77.9076
575508,Telangana 509409  India,16.5386,77.7795,16.6078,77.8104,16.4795,77.7256
576086,Telangana 509376  India,16.4829,78.6342,16.5484,78.7852,16.3961,78.5248
577180,Chinthapally  Telangana  India,16.7982,78.8241,16.8121,78.8359,16.7848,78.8079
573312,502251  India,17.8524,77.6192,17.9323,77.6781,17.7917,77.5701
571843,Sunderajpet  Telangana 505503  India,18.578,79.9137,18.5966,79.9326,18.5703,79.9003
573208,Korampalle  Telangana  India,17.9539,78.0738,17.9686,78.0855,17.9388,78.0556
572666,Gudur  Telangana  India,18.1606,79.5393,18.1662,79.5473,18.1536,79.5334
577785,Mogullapally  Telangana 506366  India,18.317,79.6429,,,,
571511,Mangaram  Telangana  India,18.2387,78.1051,18.2579,78.1276,18.2275,78.0858
577432,Kethepally - Tirumalagiri Rd  Telangana 508373  India,16.8579,78.951,16.8686,78.9922,16.8289,78.9083
574781,Maheswaram Lines  Chandrayangutta  Hyderabad  Telangana 500005  India,17.3194,78.483,17.3232,78.4884,17.3146,78.479
572359,Telangana 505302  India,18.501,78.8609,18.59,78.9127,18.4001,78.7905
579638,Palair  Telangana  India,17.2087,79.9229,17.2493,79.9373,17.1931,79.8963
576917,Vallabhapuram  Telangana  India,16.763,79.4267,16.8076,79.4661,16.7362,79.4054
575979,Jurial  Telangana  India,16.3133,77.7853,16.3288,77.8056,16.2859,77.7712
570021,Telangana 504205  India,19.1625,78.9515,19.3075,79.0779,19.0503,78.7059
570821,Telangana 503225  India,18.8162,78.4638,18.9041,78.5167,18.7429,78.4189
573615,Rangaipalle  Telangana 502336  India,17.753,78.5121,17.7645,78.523,17.7437,78.5019
574261,Telangana 501504  India,17.2962,78.2248,17.399,78.3804,17.2424,78.1466
203,532  Road Number 10  Jubilee Hills  Hyderabad  Telangana 500033  India,17.4327,78.4072,17.4327,78.4072,17.4327,78.4072
578256,Telangana 506303  India,17.6354,79.2677,17.7056,79.3763,17.5135,79.2135
570029,Papammaguda  Telangana 504205  India,19.0786,79.0433,19.0901,79.0544,19.0705,79.0346
569635,Sirichalma  Telangana 504203  India,19.3111,78.5576,19.3232,78.5679,19.3,78.5437
577550,Garidepalli  Telangana 508201  India,16.8914,79.7386,16.8953,79.7464,16.8859,79.7311
577360,Telangana 508257  India,16.7495,79.0532,16.8609,79.1462,16.6927,78.9987
576432,509152  India,15.8996,78.1336,15.9801,78.2509,15.835,78.0435
571857,Puskupalle  Telangana  India,18.8141,79.8829,18.8249,79.8938,18.8002,79.8688
571807,Bitpalle K  Telangana 505184  India,18.6023,79.7119,18.6237,79.7265,18.5905,79.6789
577240,Kolmunthal Pahad  Telangana 508243  India,16.7254,78.9826,16.7406,78.9958,16.7151,78.9714
577231,Gottimukkala Road  Andhra Pradesh 522415  India,16.6181,79.6225,16.6349,79.6501,16.6093,79.6046
569836,Jajjarvelly  Telangana  India,19.111,79.6249,19.1221,79.6551,19.0958,79.5966
578694,Bhuvanapalle  Telangana 507136  India,18.5022,80.4299,18.5093,80.4382,18.4953,80.4194
576748,Chittapur  Telangana  India,17.37,79.1633,17.384,79.1775,17.3604,79.1472
