<database>
	<table name="test_table">
		<column name="row_id" type="int" primary="1" />
		<column name="group_id" type="varchar(36)" />
		<column name="type_id" type="varchar(36)" />
		<column name="db_number" type="int" />
		<column name="db_string" type="text" />
		<column name="lastedit" type="timestamp" default="CURRENT_TIMESTAMP" />
		<column name="lastedit_by" type="int" />
		<column name="added" type="timestamp" default="CURRENT_TIMESTAMP" />
		<column name="added_by" type="int" />
		<constraint>UNIQUE (group_id, type_id) ON CONFLICT REPLACE</constraint>
	</table>
	<table name="new_table">
		<column name="rel_id" type="int" primary="1" />
		<column name="for_row_id" type="int" />
		<column name="meaning" type="text" />
	</table>
	<table name=""></table>
</database>